payment_method,total_revenue
Debit Card,1.2261570481009991E8
Mobile Payment,3.477464235365397E8
Cash,4.316078641879994E7
Credit Card,2.3226875874923962E8
